{"providers":[
	{
		"file":"lukecraft:font/logo.png",
		"chars":["Ḁ"],
		"height":15,
		"ascent":15,
		"type":"bitmap"
	},
	{
		"file":"lukecraft:font/logo2.png",
		"chars":["ḁ"],
		"height":9,
		"ascent":9,
		"type":"bitmap"
	},
	{
		"file":"lukecraft:font/logo3.png",
		"chars":["Ḃ"],
		"height":9,
		"ascent":9,
		"type":"bitmap"
	},
	{
		"file":"lukecraft:font/admin.png",
		"chars":["ḇ"],
		"height":20,
		"ascent":14,
		"type":"bitmap"
	},
	{
		"file":"lukecraft:font/supporter.png",
		"chars":["Ḉ"],
		"height":30,
		"ascent":18,
		"type":"bitmap"
	},
	{
		"file":"lukecraft:font/builder.png",
		"chars":["ḉ"],
		"height":23,
		"ascent":15,
		"type":"bitmap"
	},
	{
		"file":"lukecraft:font/player.png",
		"chars":["Ḋ"],
		"height":23,
		"ascent":15,
		"type":"bitmap"
	},
	{
		"file":"lukecraft:font/citybuild.png",
		"chars":["Ẉ"],
		"height":20,
		"ascent":10,
		"type":"bitmap"
	},
	{
		"file":"lukecraft:font/current_server.png",
		"chars":["ḋ"],
		"height":9,
		"ascent":9,
		"type":"bitmap"
	}
]}